"","Res.Df","Df","F","Pr(>F)"
"1",51,NA,NA,NA
"2",53,-2,0.0251181497786646,0.975206742485269
